<application>
  <component name="ProjectManager">
    <defaultProject>
      <component name="WindowStateProjectService">
        <state x="634" y="210" key="FileChooserDialogImpl" timestamp="1732388914804">
          <screen x="0" y="0" width="1707" height="1067" />
        </state>
        <state x="634" y="210" key="FileChooserDialogImpl/0.0.1707.1067" timestamp="1732388914804" />
        <state x="401" y="273" width="800" height="724" key="new project wizard" timestamp="1740169738358">
          <screen x="0" y="0" width="1707" height="1067" />
        </state>
        <state x="401" y="273" width="800" height="724" key="new project wizard/0.0.1707.1067" timestamp="1740169738358" />
      </component>
    </defaultProject>
  </component>
</application>