<application>
  <component name="Trusted.Paths">
    <option name="TRUSTED_PROJECT_PATHS">
      <map>
        <entry key="C:\Users\吕家庆\AppData\Local\JetBrains\IdeaIC2024.3\demo\IdeaLearningProject" value="true" />
        <entry key="C:\Users\吕家庆\AppData\Roaming\JetBrains\IdeaIC2024.3\light-edit" value="true" />
        <entry key="F:\Java作业\day0\question" value="true" />
        <entry key="F:\Java学校作业\2b" value="true" />
        <entry key="F:\Java学校作业\App" value="true" />
        <entry key="F:\Java学校作业\Hedgehog.java" value="true" />
        <entry key="F:\Java学校作业\driver" value="true" />
        <entry key="F:\Java学校作业\exercise" value="true" />
        <entry key="F:\Java学校作业\girlfriend" value="true" />
        <entry key="F:\Java学校作业\gongjiao" value="true" />
      </map>
    </option>
  </component>
</application>